序号,报警代码(ErrorCode),报警ID(MessageID),分类(Category),中文报警信息(Message),英文报警信息(MessageEn/MessageIDHex),严重级别(Severity),排故指导(Solution),图片路径(ImagePath),所在文件
1,HW_SRV_001,50000,硬件异常,伺服驱动器离线或报错,Servo drive offline or error,3,1. 检查伺服驱动器电源指示灯是否正常;\n2. 检查伺服驱动器与运动控制卡之间的通讯线是否松动;\n3. 查看驱动器面板报警代码，对照手册处理;\n4. 重启驱动器后点击【复位】按钮;,/PF.UI.Infrastructure;component/HardwareImage/驱动器.png,PF.Core/Constants/AlarmCodes.cs
2,HW_IO_001,50001,硬件异常,IO 模块连接失败,IO module connection failed,2,1. 检查 EtherCAT 通讯线是否正确连接;\n2. 检查 IO 模块供电是否正常;\n3. 在调试页面尝试重新初始化硬件;\n4. 重新上电后点击【复位】按钮;,/PF.UI.Infrastructure;component/HardwareImage/IO模块.png,PF.Core/Constants/AlarmCodes.cs
3,HW_IO_002,50002,硬件异常,IO 读取异常,IO read error,2,1. 检查 EtherCAT 通讯线是否正确连接;\n2. 检查 IO 模块供电是否正常;\n3. 在调试页面尝试重新初始化硬件;\n4. 重新上电后点击【复位】按钮;,/PF.UI.Infrastructure;component/HardwareImage/IO模块.png,PF.Core/Constants/AlarmCodes.cs
4,HW_IO_003,50003,硬件异常,IO 设置异常,IO set error,2,1. 检查 EtherCAT 通讯线是否正确连接;\n2. 检查 IO 模块供电是否正常;\n3. 在调试页面尝试重新初始化硬件;\n4. 重新上电后点击【复位】按钮;,/PF.UI.Infrastructure;component/HardwareImage/IO模块.png,PF.Core/Constants/AlarmCodes.cs
5,HW_CARD_001,50004,硬件异常,运动控制卡初始化失败,Motion card init failed,3,1. 检查运动控制卡是否安装到位;\n2. 检查控制卡驱动是否安装;\n3. 检查设备管理器中是否存在控制卡设备;\n4. 尝试重启电脑后重新启动软件;,/PF.UI.Infrastructure;component/HardwareImage/运动控制卡.png,PF.Core/Constants/AlarmCodes.cs
6,HW_CARD_002,50005,硬件异常,运动控制卡总线通讯错误（运行期检测）,Motion card bus comm error,3,1. 检查 EtherCAT 总线连接线是否松动或断开;\n2. 检查各伺服驱动器及 IO 模块供电是否正常;\n3. 在调试页面重新初始化运动控制卡;\n4. 尝试重启设备后重新启动软件;,/PF.UI.Infrastructure;component/HardwareImage/运动控制卡.png,PF.Core/Constants/AlarmCodes.cs
7,HW_CAM_001,50006,硬件异常,相机连接超时,Camera connection timeout,2,1. 检查相机网线是否正确连接;\n2. 检查网络适配器 IP 配置是否与相机在同一网段;\n3. 使用 Ping 命令测试相机 IP 是否可达;\n4. 检查相机供电;\n5. 重启相机后重新初始化;,/PF.UI.Infrastructure;component/HardwareImage/相机.png,PF.Core/Constants/AlarmCodes.cs
8,HW_CAM_002,50007,硬件异常,相机通讯心跳超时（TCP 连接丢失）,Camera heartbeat timeout,2,1. 检查相机网线是否松动或断开;\n2. 使用 Ping 命令验证相机 IP 是否可达;\n3. 确认网络适配器 IP 与相机在同一网段;\n4. 重启相机后点击【复位】重新连接;,/PF.UI.Infrastructure;component/HardwareImage/相机.png,PF.Core/Constants/AlarmCodes.cs
9,HW_BCR_001,50008,硬件异常,条码扫描枪连接失败,Barcode scanner conn failed,1,1. 检查扫描枪 USB 或串口连接是否正常;\n2. 尝试重新插拔扫描枪;\n3. 检查设备管理器中是否正确识别;\n4. 确认端口号与参数配置一致;,/PF.UI.Infrastructure;component/HardwareImage/海康读码器.png,PF.Core/Constants/AlarmCodes.cs
10,HW_BCR_002,50009,硬件异常,扫码枪通讯心跳超时（TCP 连接丢失）,Scanner heartbeat timeout,1,1. 检查扫码枪网线或 USB 连接是否正常;\n2. 使用 Ping 命令验证扫码枪 IP 是否可达;\n3. 重启扫码枪后点击【复位】重新连接;\n4. 确认端口号与配置文件一致;,/PF.UI.Infrastructure;component/HardwareImage/海康读码器.png,PF.Core/Constants/AlarmCodes.cs
11,HW_LGT_001,50010,硬件异常,光源控制器通讯异常,Light controller comm error,1,1. 检查光源控制器串口线是否连接;\n2. 确认波特率等串口参数配置正确;\n3. 重启光源控制器;\n4. 在参数页面核对 COM 端口号;,/PF.UI.Infrastructure;component/HardwareImage/控制器.png,PF.Core/Constants/AlarmCodes.cs
12,HW_AXIS_002,50011,硬件异常,伺服轴触发限位保护（PEL/MEL）,Servo axis limit triggered,2,1. 检查轴当前位置是否超出行程范围;\n2. 手动将轴移离限位开关后点击【复位】;\n3. 确认限位开关接线和信号极性是否正确;\n4. 检查运动参数中行程保护设置是否合理;,/PF.UI.Infrastructure;component/HardwareImage/驱动器.png,PF.Core/Constants/AlarmCodes.cs
13,HW_AXIS_003,50012,运动超时,伺服轴运动完成等待超时,Axis motion done timeout,2,1. 检查伺服驱动器是否报警（查看驱动器面板代码）;\n2. 检查轴当前是否卡在中途（机械干涉、摩擦过大）;\n3. 手动点动该轴，确认运动是否正常;\n4. 检查运动参数（速度/加速度）是否合理;\n5. 复位后重新运行;,/PF.UI.Infrastructure;component/HardwareImage/驱动器.png,PF.Core/Constants/AlarmCodes.cs
14,HW_AXIS_004,50013,运动超时,伺服轴回原点完成等待超时,Axis homing done timeout,2,1. 检查原点传感器信号是否正常;\n2. 检查限位开关是否触发;\n3. 确认回零方向与速度参数配置是否正确;\n4. 手动移动轴后重新执行初始化;,/PF.UI.Infrastructure;component/HardwareImage/驱动器.png,PF.Core/Constants/AlarmCodes.cs
15,HW_AXIS_005,50014,定位异常,伺服轴到位精度超限，实际位置与目标位置偏差过大,Axis positioning accuracy exceeded,2,1. 检查轴机械传动是否存在间隙或磨损;\n2. 确认定位精度参数设置是否合理;\n3. 检查伺服增益参数;\n4. 复位后重新运行;,/PF.UI.Infrastructure;component/HardwareImage/驱动器.png,PF.Core/Constants/AlarmCodes.cs
16,HW_AXIS_006,50015,定位异常,伺服轴获取当前位置失败，无法进行定位精度校验,Axis position read failed,2,1. 检查伺服驱动器与运动控制卡通讯是否正常;\n2. 确认轴编码器反馈信号是否正常;\n3. 复位后重新运行;,/PF.UI.Infrastructure;component/HardwareImage/驱动器.png,PF.Core/Constants/AlarmCodes.cs
17,SYS_INIT_001,50016,系统异常,系统初始化超时，硬件未全部就绪,"System init timeout, HW not ready",3,1. 检查所有硬件设备连接状态;\n2. 查看调试页面中各硬件连接指示灯;\n3. 逐一排除连接失败的设备;\n4. 全部就绪后点击【复位】按钮;,,PF.Core/Constants/AlarmCodes.cs
18,SYS_DB_001,50017,系统异常,数据库写入失败,Database write failed,2,1. 检查程序运行目录磁盘空间是否充足;\n2. 检查数据库文件是否被其他程序占用;\n3. 以管理员权限重启软件;\n4. 联系维护人员检查数据库文件完整性;,,PF.Core/Constants/AlarmCodes.cs
19,SYS_SYNC_001,50018,系统异常,工站同步服务异常,Station sync service error,2,1. 检查各工站状态机是否处于正常态;\n2. 查看日志中工站异常原因;\n3. 逐一复位各工站;\n4. 重启同步服务（重启软件）;,,PF.Core/Constants/AlarmCodes.cs
20,SYS_UNDEFINED_001,50019,系统异常,报警触发时未提供错误码（已兜底）,No error code provided,2,1. 此报警表示某处触发报警时未携带错误码，已被框架兜底;\n2. 记录复现步骤并联系开发人员排查触发点;\n3. 复位后即可恢复;,,PF.Core/Constants/AlarmCodes.cs
21,SYS_TEST_001,50020,调试测试,调试页面手动触发的模拟报警,Debug page manual test alarm,1,此为调试测试报警，复位后即可恢复;,,PF.Core/Constants/AlarmCodes.cs
22,SYS_SYNC_002,50021,系统异常,状态机指针漂移，进入未定义步序,State machine undefined step,3,1. 记录当前操作步骤并联系开发人员;\n2. 查看日志中异常步序编号;\n3. 重启软件后重新运行;\n4. 提供日志文件给技术支持;,,PF.Core/Constants/AlarmCodes.cs
23,HW_SAFE_001,50022,安全防护,安全门打开，设备已暂停,"Safety door open, paused",1,1. 确认人员已撤离设备操作区域;\n2. 关闭安全门（报警将自动消除）;\n3. 点击【启动】继续运行;\n4. 如门锁无法正常关闭，请检查传感器接线;\n5. 确认门锁信号正常后重新操作;,/PF.UI.Infrastructure;component/HardwareImage/安全门.png,PF.Core/Constants/AlarmCodes.cs
24,HW_SAFE_001_1,50023,安全防护,工位1安全门打开，设备已暂停,Station 1 safety door open,1,1. 确认人员已撤离工位1操作区域;\n2. 关闭工位1安全门（报警将自动消除）;\n3. 点击【启动】继续运行;\n4. 如门锁无法正常关闭，请检查传感器接线;\n5. 确认门锁信号正常后重新操作;,/PF.UI.Infrastructure;component/HardwareImage/安全门.png,PF.Core/Constants/AlarmCodes.cs
25,HW_SAFE_001_2,50024,安全防护,工位2安全门打开，设备已暂停,Station 2 safety door open,1,1. 确认人员已撤离工位2操作区域;\n2. 关闭工位2安全门（报警将自动消除）;\n3. 点击【启动】继续运行;\n4. 如门锁无法正常关闭，请检查传感器接线;\n5. 确认门锁信号正常后重新操作;,/PF.UI.Infrastructure;component/HardwareImage/安全门.png,PF.Core/Constants/AlarmCodes.cs
26,HW_SAFE_002,50025,安全防护,安全监控IO连续读取失败，安全门检测可能已失效,"Safety IO fail, door detect lost",3,1. 立即检查 IO 模块连接状态;\n2. 检查运动控制卡通讯是否正常;\n3. 若无法恢复请立即停止设备;\n4. 联系维护人员检查硬件;,/PF.UI.Infrastructure;component/HardwareImage/安全门.png,PF.Core/Constants/AlarmCodes.cs
27,PROC_WS1F_DATA_001,50026,流程异常/数据,工位1上下料-批次产品个数为0,WS1 load/unload: batch count 0,2,1. 检查 MES 批次数据是否已正确下发;\n2. 确认批次产品数量字段不为空;\n3. 重新下发批次数据后复位重启;,/PF.WorkStation.AutoOcr.UI;component/ModelImages/整机-成品.png,PF.WorkStation.AutoOcr/CostParam/AlarmCodesExtensions.cs
28,PROC_WS1F_DATA_002,50027,流程异常/数据,工位1上下料-料盒尺寸与配方不匹配,WS1 load/unload: box size mismatch,2,1. 核实料盒内实际晶圆尺寸;\n2. 核对配方中要求的晶圆尺寸;\n3. 更换正确料盒或修改配方后复位重启;,/PF.WorkStation.AutoOcr.UI;component/ModelImages/上晶圆-成品.png,PF.WorkStation.AutoOcr/CostParam/AlarmCodesExtensions.cs
29,PROC_WS1F_DATA_003,50028,流程异常/数据,工位1上下料-配方参数为空,WS1 load/unload: recipe empty,2,1. 确认配方已正确下发至工位1;\n2. 检查配方参数页面数据是否完整;\n3. 重新下发配方后复位重启;,/PF.WorkStation.AutoOcr.UI;component/ModelImages/上晶圆-成品.png,PF.WorkStation.AutoOcr/CostParam/AlarmCodesExtensions.cs
30,PROC_WS1F_ALG_001,50029,流程异常/算法,工位1上下料-寻层算法判定为0层,WS1 load/unload: layer find = 0,2,1. 确认料盒内确实有物料;\n2. 确认料盒已正确放置到位;\n3. 检查寻层传感器信号是否正常;\n4. 复位后重新执行寻层;,/PF.WorkStation.AutoOcr.UI;component/ModelImages/上晶圆-成品.png,PF.WorkStation.AutoOcr/CostParam/AlarmCodesExtensions.cs
31,PROC_WS1F_ALG_002,50030,流程异常/算法,工位1上下料-寻层算法出现严重异常,WS1 LD/ULD: layer find fatal err,2,1. 查看日志中算法异常详情;\n2. 检查寻层传感器信号与原始数据;\n3. 确认物料摆放无严重倾斜;\n4. 复位后重新执行寻层;,/PF.WorkStation.AutoOcr.UI;component/ModelImages/上晶圆-成品.png,PF.WorkStation.AutoOcr/CostParam/AlarmCodesExtensions.cs
32,PROC_WS1F_SEN_001,50031,流程异常/传感器,工位1上下料-料盒尺寸识别失败（传感器信号异常）,WS1 LD/ULD: box size detect fail,2,1. 检查尺寸识别传感器安装位置;\n2. 确认料盒是否放正;\n3. 清洁传感器感应面;\n4. 复位后将重新识别尺寸;,/PF.WorkStation.AutoOcr.UI;component/ModelImages/上晶圆-成品.png,PF.WorkStation.AutoOcr/CostParam/AlarmCodesExtensions.cs
33,PROC_WS1F_MOT_001,50032,流程异常/运动,工位1上下料-Z轴运动条件不满足,WS1 LD/ULD: Z-axis mot not ready,2,1. 检查Z轴伺服是否报警;\n2. 确认互锁信号是否就绪;\n3. 处理轴故障后复位，将重新评估Z轴状态;,/PF.WorkStation.AutoOcr.UI;component/ModelImages/上晶圆-成品.png,PF.WorkStation.AutoOcr/CostParam/AlarmCodesExtensions.cs
34,PROC_WS1F_MOT_002,50033,流程异常/运动,工位1上下料-X轴运动条件不满足,WS1 LD/ULD: X-axis mot not ready,2,1. 检查凸片传感器是否有信号（铁环凸片是否触发）;\n2. 确认X轴伺服是否报警;\n3. 处理后复位，将重新评估X轴状态;,/PF.WorkStation.AutoOcr.UI;component/ModelImages/上晶圆-成品.png,PF.WorkStation.AutoOcr/CostParam/AlarmCodesExtensions.cs
35,PROC_WS1F_SEN_002,50034,流程异常/传感器,工位1上下料-Z轴寻层扫描异常（结果为空或过程出错）,WS1 load/unload: Z layer scan error,2,1. 检查寻层传感器信号线连接;\n2. 确认料盒位置摆放正确;\n3. 查看日志中扫描原始数据;\n4. 复位后将重新执行扫描;,/PF.WorkStation.AutoOcr.UI;component/ModelImages/上晶圆-成品.png,PF.WorkStation.AutoOcr/CostParam/AlarmCodesExtensions.cs
36,PROC_WS1F_MAT_001,50035,流程异常/物料,工位1上下料-物料错层翘起，禁止拉料,"WS1 LD/ULD: wafer warp, pull locked",2,1. 人工检查当前取料位置物料状态;\n2. 小心处理错层/翘起物料;\n3. 确认物料归位后复位，将重新检查该层;,/PF.WorkStation.AutoOcr.UI;component/ModelImages/上晶圆-成品.png,PF.WorkStation.AutoOcr/CostParam/AlarmCodesExtensions.cs
37,PROC_WS1F_MOT_003,50036,流程异常/运动,工位1上下料-Z轴运动超时,WS1 LD/ULD: Z-axis mot timeout,2,1. 检查Z轴伺服驱动器是否报警;\n2. 检查Z轴是否卡在中途（机械干涉）;\n3. 手动点动Z轴确认运动正常;\n4. 检查运动参数（速度/加速度）;\n5. 复位后重新运行;,/PF.WorkStation.AutoOcr.UI;component/ModelImages/上晶圆-成品.png,PF.WorkStation.AutoOcr/CostParam/AlarmCodesExtensions.cs
38,PROC_WS1F_MOT_004,50037,流程异常/运动,工位1上下料-X轴运动超时,WS1 LD/ULD: X-axis mot timeout,2,1. 检查X轴伺服驱动器是否报警;\n2. 检查X轴是否卡在中途（机械干涉）;\n3. 手动点动X轴确认运动正常;\n4. 检查运动参数（速度/加速度）;\n5. 复位后重新运行;,/PF.WorkStation.AutoOcr.UI;component/ModelImages/上晶圆-成品.png,PF.WorkStation.AutoOcr/CostParam/AlarmCodesExtensions.cs
39,PROC_WS1F_MOT_005,50038,流程异常/运动,工位1上下料-初始化上料状态失败（Z/X轴运动到待机位失败）,WS1 LD/ULD: init LD state fail,2,1. 检查Z轴和X轴是否处于报警状态;\n2. 手动点动确认各轴运动正常;\n3. 复位后重新运行;,/PF.WorkStation.AutoOcr.UI;component/ModelImages/上晶圆-成品.png,PF.WorkStation.AutoOcr/CostParam/AlarmCodesExtensions.cs
40,PROC_WS1F_MOT_007,50039,流程异常/运动,工位1上下料-切换阵列配方尺寸失败,WS1 LD/ULD: recipe size switch fail,2,1. 确认当前配方尺寸与料盒规格一致;\n2. 检查配方中阵列点位参数是否完整;\n3. 重新下发配方后复位重新运行;,/PF.WorkStation.AutoOcr.UI;component/ModelImages/上晶圆-成品.png,PF.WorkStation.AutoOcr/CostParam/AlarmCodesExtensions.cs
41,PROC_WS1F_SEN_003,50040,流程异常/传感器,工位1上下料-料盒公用底座未检测到物体,WS1 load/unload: box base no object,2,1. 确认料盒是否正确放入;\n2. 检查底座光电传感器是否正常;\n3. 清洁传感器感应面;\n4. 复位后重新检测;,/PF.WorkStation.AutoOcr.UI;component/ModelImages/上晶圆-成品.png,PF.WorkStation.AutoOcr/CostParam/AlarmCodesExtensions.cs
42,PROC_WS1F_SEN_006,50041,流程异常/传感器,工位1上下料-料盒尺寸传感器信号冲突（8寸/12寸同时触发或均未触发）,WS1: box size sensor clash,2,1. 检查料盒是否倾斜或放歪;\n2. 检查8寸和12寸传感器安装位置;\n3. 清洁传感器感应面;\n4. 复位后重新检测;,/PF.WorkStation.AutoOcr.UI;component/ModelImages/上晶圆-成品.png,PF.WorkStation.AutoOcr/CostParam/AlarmCodesExtensions.cs
43,PROC_WS1F_ALG_003,50042,流程异常/算法,工位1上下料-目标层数超出有效范围,WS1: target layer out of range,2,1. 检查配方中最大层数设置;\n2. 确认料盒规格;\n3. 复位后重新运行;,/PF.WorkStation.AutoOcr.UI;component/ModelImages/上晶圆-成品.png,PF.WorkStation.AutoOcr/CostParam/AlarmCodesExtensions.cs
44,PROC_WS1F_ALG_004,50043,流程异常/算法,工位1上下料-未找到目标层的阵列点位（可能未执行生产状态切换）,WS1: target layer missing,2,1. 确认已执行切换生产状态步骤;\n2. 检查配方参数是否完整;\n3. 复位后重新运行;,/PF.WorkStation.AutoOcr.UI;component/ModelImages/上晶圆-成品.png,PF.WorkStation.AutoOcr/CostParam/AlarmCodesExtensions.cs
45,PROC_WS1F_MOT_006,50044,流程异常/运动,工位1上下料-Z轴切换层运动失败,WS1 LD/ULD: Z layer switch fail,2,1. 检查Z轴伺服是否报警;\n2. 手动点动Z轴确认运动正常;\n3. 检查运动参数;\n4. 复位后重新运行;,/PF.WorkStation.AutoOcr.UI;component/ModelImages/上晶圆-成品.png,PF.WorkStation.AutoOcr/CostParam/AlarmCodesExtensions.cs
46,PROC_WS1F_MOT_011,50045,流程异常/运动,工位1上下料-Z轴互锁失败：料盒未到位禁止升降,"WS1: Z ILK, box not ready",2,1. 确认料盒已完全落座;\n2. 检查底座到位传感器;\n3. 复位后重新检查;,/PF.WorkStation.AutoOcr.UI;component/ModelImages/上晶圆-成品.png,PF.WorkStation.AutoOcr/CostParam/AlarmCodesExtensions.cs
47,PROC_WS1F_MOT_008,50046,流程异常/运动,工位1上下料-X轴互锁失败：存在铁环突片,"WS1: X ILK, ring tab present",2,1. 检查铁环突片检测传感器;\n2. 确认铁环安装方向;\n3. 复位后重新检查;,/PF.WorkStation.AutoOcr.UI;component/ModelImages/上晶圆-成品.png,PF.WorkStation.AutoOcr/CostParam/AlarmCodesExtensions.cs
48,PROC_WS1F_ACT_001,50047,流程异常/执行器,工位1上下料-拉料互锁失败：晶圆盒挡杆未打开,"WS1: pull ILK, latch closed",2,1. 检查挡杆驱动气缸状态;\n2. 确认挡杆传感器信号;\n3. 复位后重新检查;,/PF.WorkStation.AutoOcr.UI;component/ModelImages/上晶圆-成品.png,PF.WorkStation.AutoOcr/CostParam/AlarmCodesExtensions.cs
49,PROC_WS1F_MOT_009,50048,流程异常/运动,工位1上下料-寻层扫描移动到起点失败,WS1 LD/ULD: scan move to start fail,2,1. 检查Z轴伺服驱动器是否报警;\n2. 检查Z轴是否卡在中途;\n3. 手动点动Z轴确认运动正常;\n4. 复位后重新运行;,/PF.WorkStation.AutoOcr.UI;component/ModelImages/上晶圆-成品.png,PF.WorkStation.AutoOcr/CostParam/AlarmCodesExtensions.cs
50,PROC_WS1F_SEN_007,50049,流程异常/传感器,工位1上下料-寻层扫描硬件锁存配置失败,WS1 LD/ULD: scan latch config fail,2,1. 检查运动控制卡连接;\n2. 确认传感器接线;\n3. 复位后重新运行;,/PF.WorkStation.AutoOcr.UI;component/ModelImages/上晶圆-成品.png,PF.WorkStation.AutoOcr/CostParam/AlarmCodesExtensions.cs
51,PROC_WS1F_MOT_010,50050,流程异常/运动,工位1上下料-寻层扫描移动到终点失败,WS1 LD/ULD: scan move to end fail,2,1. 检查Z轴伺服驱动器是否报警;\n2. 检查Z轴是否卡在中途;\n3. 手动点动Z轴确认运动正常;\n4. 复位后重新运行;,/PF.WorkStation.AutoOcr.UI;component/ModelImages/上晶圆-成品.png,PF.WorkStation.AutoOcr/CostParam/AlarmCodesExtensions.cs
52,PROC_WS1F_ALG_005,50051,流程异常/算法,工位1上下料-寻层算法理论层坐标未初始化,WS1 LD: slot-find coords not init,2,1. 确认已执行切换生产状态;\n2. 检查配方参数是否完整;\n3. 复位后重新运行;,/PF.WorkStation.AutoOcr.UI;component/ModelImages/上晶圆-成品.png,PF.WorkStation.AutoOcr/CostParam/AlarmCodesExtensions.cs
53,PROC_WS1F_ALG_006,50052,流程异常/算法,工位1上下料-寻层算法传感器原始数据不足,WS1 LD: low sensor raw data,2,1. 检查传感器信号线连接;\n2. 确认料盒位置正确;\n3. 复位后重新运行;,/PF.WorkStation.AutoOcr.UI;component/ModelImages/上晶圆-成品.png,PF.WorkStation.AutoOcr/CostParam/AlarmCodesExtensions.cs
54,PROC_WS1F_ALG_007,50053,流程异常/算法,工位1上下料-寻层算法双传感器识别数量差异过大（疑似斜片或传感器失效）,WS1 LD: dual-sensor count mismatch,2,1. 检查左右传感器信号;\n2. 确认物料摆放无倾斜;\n3. 复位后重新运行;,/PF.WorkStation.AutoOcr.UI;component/ModelImages/上晶圆-成品.png,PF.WorkStation.AutoOcr/CostParam/AlarmCodesExtensions.cs
55,PROC_WS1F_ALG_008,50054,流程异常/算法,工位1上下料-寻层算法检测到严重斜片(Cross-slot),WS1 Load: Cross-slot wafer detected,2,1. 人工检查料盒内物料状态;\n2. 小心处理斜片物料;\n3. 复位后重新执行寻层;,/PF.WorkStation.AutoOcr.UI;component/ModelImages/上晶圆-成品.png,PF.WorkStation.AutoOcr/CostParam/AlarmCodesExtensions.cs
56,PROC_WS1F_ALG_009,50055,流程异常/算法,工位1上下料-寻层算法检测到重叠片(Double-wafer),WS1 Load: Double-wafer detected,2,1. 人工检查料盒内物料状态;\n2. 小心分离重叠物料;\n3. 复位后重新执行寻层;,/PF.WorkStation.AutoOcr.UI;component/ModelImages/上晶圆-成品.png,PF.WorkStation.AutoOcr/CostParam/AlarmCodesExtensions.cs
57,PROC_WS1F_ALG_010,50056,流程异常/算法,工位1上下料-寻层算法晶圆严重偏离标准槽位（可能未插到底）,"WS1 LD: wafer off-slot, not seated",2,1. 检查物料是否正确插入槽位;\n2. 确认料盒无损坏;\n3. 复位后重新执行寻层;,/PF.WorkStation.AutoOcr.UI;component/ModelImages/上晶圆-成品.png,PF.WorkStation.AutoOcr/CostParam/AlarmCodesExtensions.cs
58,PROC_WS1F_ALG_011,50057,流程异常/算法,工位1上下料-指定层与实际寻层结果不匹配,WS1 Load: Target slot mismatch,2,1. 核查料盒内实际物料层位;\n2. 确认切换批次时选择的指定层是否正确;\n3. 修正指定层设置后重新切换批次;,/PF.WorkStation.AutoOcr.UI;component/ModelImages/上晶圆-成品.png,PF.WorkStation.AutoOcr/CostParam/AlarmCodesExtensions.cs
59,PROC_WS1F_RSM_001,50058,断点续跑,工位1上下料-重启后物料状态与记忆不一致,WS1 Load: Resume status mismatch,3,1. 人工核查料盒内物料数量是否与系统记忆一致;\n2. 若物料已被取走，请清空批次后重新下发;\n3. 若物料仍在，检查传感器或算法是否异常;\n4. 确认状态后手动复位重启;,/PF.WorkStation.AutoOcr.UI;component/ModelImages/上晶圆-成品.png,PF.WorkStation.AutoOcr/CostParam/AlarmCodesExtensions.cs
60,PROC_WS1F_INIT_001,50059,流程异常/初始化,工位1上下料-初始化异常,WS1 Load: Initialization failed,2,1. 查看日志中具体异常信息;\n2. 排查对应硬件或配置项;\n3. 排除故障后复位重新初始化;,/PF.WorkStation.AutoOcr.UI;component/ModelImages/上晶圆-成品.png,PF.WorkStation.AutoOcr/CostParam/AlarmCodesExtensions.cs
61,PROC_WS1F_RSM_002,50060,断点续跑,工位1上下料-断点续跑异常,WS1 Load: Resume run failed,2,1. 查看日志中具体异常信息;\n2. 排查对应硬件或状态异常;\n3. 排除故障后复位重新运行;,/PF.WorkStation.AutoOcr.UI;component/ModelImages/上晶圆-成品.png,PF.WorkStation.AutoOcr/CostParam/AlarmCodesExtensions.cs
62,PROC_WS2F_DATA_001,50061,流程异常/数据,工位2上下料-批次产品个数为0,WS2 LD: batch product count is zero,2,1. 检查 MES 批次数据是否已正确下发;\n2. 确认批次产品数量字段不为空;\n3. 重新下发批次数据后复位重启;,/PF.WorkStation.AutoOcr.UI;component/ModelImages/整机-成品.png,PF.WorkStation.AutoOcr/CostParam/AlarmCodesExtensions.cs
63,PROC_WS2F_DATA_002,50062,流程异常/数据,工位2上下料-料盒尺寸与配方不匹配,WS2 Load: Cassette size mismatch,2,1. 核实料盒内实际晶圆尺寸;\n2. 核对配方中要求的晶圆尺寸;\n3. 更换正确料盒或修改配方后复位重启;,/PF.WorkStation.AutoOcr.UI;component/ModelImages/上晶圆-成品.png,PF.WorkStation.AutoOcr/CostParam/AlarmCodesExtensions.cs
64,PROC_WS2F_DATA_003,50063,流程异常/数据,工位2上下料-配方参数为空,WS2 Load: Recipe params empty,2,1. 确认配方已正确下发至工位2;\n2. 检查配方参数页面数据是否完整;\n3. 重新下发配方后复位重启;,/PF.WorkStation.AutoOcr.UI;component/ModelImages/上晶圆-成品.png,PF.WorkStation.AutoOcr/CostParam/AlarmCodesExtensions.cs
65,PROC_WS2F_ALG_001,50064,流程异常/算法,工位2上下料-寻层算法判定为0层,WS2 Load: Slot-find algo=0 layers,2,1. 确认料盒内确实有物料;\n2. 确认料盒已正确放置到位;\n3. 检查寻层传感器信号是否正常;\n4. 复位后重新执行寻层;,/PF.WorkStation.AutoOcr.UI;component/ModelImages/上晶圆-成品.png,PF.WorkStation.AutoOcr/CostParam/AlarmCodesExtensions.cs
66,PROC_WS2F_ALG_002,50065,流程异常/算法,工位2上下料-寻层算法出现严重异常,WS2 LD: slot-find algo critical err,2,1. 查看日志中算法异常详情;\n2. 检查寻层传感器信号与原始数据;\n3. 确认物料摆放无严重倾斜;\n4. 复位后重新执行寻层;,/PF.WorkStation.AutoOcr.UI;component/ModelImages/上晶圆-成品.png,PF.WorkStation.AutoOcr/CostParam/AlarmCodesExtensions.cs
67,PROC_WS2F_SEN_001,50066,流程异常/传感器,工位2上下料-料盒尺寸识别失败（传感器信号异常）,WS2 LD: cassette size detect fail,2,1. 检查尺寸识别传感器安装位置;\n2. 确认料盒是否放正;\n3. 清洁传感器感应面;\n4. 复位后将重新识别尺寸;,/PF.WorkStation.AutoOcr.UI;component/ModelImages/上晶圆-成品.png,PF.WorkStation.AutoOcr/CostParam/AlarmCodesExtensions.cs
68,PROC_WS2F_MOT_001,50067,流程异常/运动,工位2上下料-Z轴运动条件不满足,WS2 Load: Z-axis motion not ready,2,1. 检查Z轴伺服是否报警;\n2. 确认互锁信号是否就绪;\n3. 处理轴故障后复位，将重新评估Z轴状态;,/PF.WorkStation.AutoOcr.UI;component/ModelImages/上晶圆-成品.png,PF.WorkStation.AutoOcr/CostParam/AlarmCodesExtensions.cs
69,PROC_WS2F_MOT_002,50068,流程异常/运动,工位2上下料-X轴运动条件不满足,WS2 Load: X-axis motion not ready,2,1. 检查凸片传感器是否有信号（铁环凸片是否触发）;\n2. 确认X轴伺服是否报警;\n3. 处理后复位，将重新评估X轴状态;,/PF.WorkStation.AutoOcr.UI;component/ModelImages/上晶圆-成品.png,PF.WorkStation.AutoOcr/CostParam/AlarmCodesExtensions.cs
70,PROC_WS2F_SEN_002,50069,流程异常/传感器,工位2上下料-Z轴寻层扫描异常（结果为空或过程出错）,WS2 Load: Z-axis slot scan abnormal,2,1. 检查寻层传感器信号线连接;\n2. 确认料盒位置摆放正确;\n3. 查看日志中扫描原始数据;\n4. 复位后将重新执行扫描;,/PF.WorkStation.AutoOcr.UI;component/ModelImages/上晶圆-成品.png,PF.WorkStation.AutoOcr/CostParam/AlarmCodesExtensions.cs
71,PROC_WS2F_MAT_001,50070,流程异常/物料,工位2上下料-物料错层翘起，禁止拉料,"WS2 Load: Wafer翘曲, pull blocked",2,1. 人工检查当前取料位置物料状态;\n2. 小心处理错层/翘起物料;\n3. 确认物料归位后复位，将重新检查该层;,/PF.WorkStation.AutoOcr.UI;component/ModelImages/上晶圆-成品.png,PF.WorkStation.AutoOcr/CostParam/AlarmCodesExtensions.cs
72,PROC_WS2F_MOT_003,50071,流程异常/运动,工位2上下料-Z轴运动超时,WS2 Load: Z-axis motion timeout,2,1. 检查Z轴伺服驱动器是否报警;\n2. 检查Z轴是否卡在中途（机械干涉）;\n3. 手动点动Z轴确认运动正常;\n4. 检查运动参数（速度/加速度）;\n5. 复位后重新运行;,/PF.WorkStation.AutoOcr.UI;component/ModelImages/上晶圆-成品.png,PF.WorkStation.AutoOcr/CostParam/AlarmCodesExtensions.cs
73,PROC_WS2F_MOT_004,50072,流程异常/运动,工位2上下料-X轴运动超时,WS2 Load: X-axis motion timeout,2,1. 检查X轴伺服驱动器是否报警;\n2. 检查X轴是否卡在中途（机械干涉）;\n3. 手动点动X轴确认运动正常;\n4. 检查运动参数（速度/加速度）;\n5. 复位后重新运行;,/PF.WorkStation.AutoOcr.UI;component/ModelImages/上晶圆-成品.png,PF.WorkStation.AutoOcr/CostParam/AlarmCodesExtensions.cs
74,PROC_WS2F_MOT_005,50073,流程异常/运动,工位2上下料-初始化上料状态失败（Z/X轴运动到待机位失败）,WS2 Load: Init load state failed,2,1. 检查Z轴和X轴是否处于报警状态;\n2. 手动点动确认各轴运动正常;\n3. 复位后重新运行;,/PF.WorkStation.AutoOcr.UI;component/ModelImages/上晶圆-成品.png,PF.WorkStation.AutoOcr/CostParam/AlarmCodesExtensions.cs
75,PROC_WS2F_MOT_007,50074,流程异常/运动,工位2上下料-切换阵列配方尺寸失败,WS2 LD: switch array recipe fail,2,1. 确认当前配方尺寸与料盒规格一致;\n2. 检查配方中阵列点位参数是否完整;\n3. 重新下发配方后复位重新运行;,/PF.WorkStation.AutoOcr.UI;component/ModelImages/上晶圆-成品.png,PF.WorkStation.AutoOcr/CostParam/AlarmCodesExtensions.cs
76,PROC_WS2F_SEN_003,50075,流程异常/传感器,工位2上下料-料盒公用底座未检测到物体,WS2 Load: Cassette base empty,2,1. 确认料盒是否正确放入;\n2. 检查底座光电传感器是否正常;\n3. 清洁传感器感应面;\n4. 复位后重新检测;,/PF.WorkStation.AutoOcr.UI;component/ModelImages/上晶圆-成品.png,PF.WorkStation.AutoOcr/CostParam/AlarmCodesExtensions.cs
77,PROC_WS2F_SEN_006,50076,流程异常/传感器,工位2上下料-料盒尺寸传感器信号冲突（8寸/12寸同时触发或均未触发）,WS2 Load: Cassette sensor conflict,2,1. 检查料盒是否倾斜或放歪;\n2. 检查8寸和12寸传感器安装位置;\n3. 清洁传感器感应面;\n4. 复位后重新检测;,/PF.WorkStation.AutoOcr.UI;component/ModelImages/上晶圆-成品.png,PF.WorkStation.AutoOcr/CostParam/AlarmCodesExtensions.cs
78,PROC_WS2F_ALG_003,50077,流程异常/算法,工位2上下料-目标层数超出有效范围,WS2 Load: Target layer out of range,2,1. 检查配方中最大层数设置;\n2. 确认料盒规格;\n3. 复位后重新运行;,/PF.WorkStation.AutoOcr.UI;component/ModelImages/上晶圆-成品.png,PF.WorkStation.AutoOcr/CostParam/AlarmCodesExtensions.cs
79,PROC_WS2F_ALG_004,50078,流程异常/算法,工位2上下料-未找到目标层的阵列点位（可能未执行生产状态切换）,WS2 LD: target layer missing,2,1. 确认已执行切换生产状态步骤;\n2. 检查配方参数是否完整;\n3. 复位后重新运行;,/PF.WorkStation.AutoOcr.UI;component/ModelImages/上晶圆-成品.png,PF.WorkStation.AutoOcr/CostParam/AlarmCodesExtensions.cs
80,PROC_WS2F_MOT_006,50079,流程异常/运动,工位2上下料-Z轴切换层运动失败,WS2 LD: Z-axis layer switch fail,2,1. 检查Z轴伺服是否报警;\n2. 手动点动Z轴确认运动正常;\n3. 检查运动参数;\n4. 复位后重新运行;,/PF.WorkStation.AutoOcr.UI;component/ModelImages/上晶圆-成品.png,PF.WorkStation.AutoOcr/CostParam/AlarmCodesExtensions.cs
81,PROC_WS2F_MOT_011,50080,流程异常/运动,工位2上下料-Z轴互锁失败：料盒未到位禁止升降,"WS2 LD: Z ILK, cassette not ready",2,1. 确认料盒已完全落座;\n2. 检查底座到位传感器;\n3. 复位后重新检查;,/PF.WorkStation.AutoOcr.UI;component/ModelImages/上晶圆-成品.png,PF.WorkStation.AutoOcr/CostParam/AlarmCodesExtensions.cs
82,PROC_WS2F_MOT_008,50081,流程异常/运动,工位2上下料-X轴互锁失败：存在铁环突片,"WS2 LD: X ILK, ring protrusion",2,1. 检查铁环突片检测传感器;\n2. 确认铁环安装方向;\n3. 复位后重新检查;,/PF.WorkStation.AutoOcr.UI;component/ModelImages/上晶圆-成品.png,PF.WorkStation.AutoOcr/CostParam/AlarmCodesExtensions.cs
83,PROC_WS2F_ACT_001,50082,流程异常/执行器,工位2上下料-拉料互锁失败：晶圆盒挡杆未打开,"WS2 LD: pull ILK, latch not open",2,1. 检查挡杆驱动气缸状态;\n2. 确认挡杆传感器信号;\n3. 复位后重新检查;,/PF.WorkStation.AutoOcr.UI;component/ModelImages/上晶圆-成品.png,PF.WorkStation.AutoOcr/CostParam/AlarmCodesExtensions.cs
84,PROC_WS2F_MOT_009,50083,流程异常/运动,工位2上下料-寻层扫描移动到起点失败,WS2 LD: slot scan start move fail,2,1. 检查Z轴伺服驱动器是否报警;\n2. 检查Z轴是否卡在中途;\n3. 手动点动Z轴确认运动正常;\n4. 复位后重新运行;,/PF.WorkStation.AutoOcr.UI;component/ModelImages/上晶圆-成品.png,PF.WorkStation.AutoOcr/CostParam/AlarmCodesExtensions.cs
85,PROC_WS2F_SEN_007,50084,流程异常/传感器,工位2上下料-寻层扫描硬件锁存配置失败,WS2 Load: Scan latch config failed,2,1. 检查运动控制卡连接;\n2. 确认传感器接线;\n3. 复位后重新运行;,/PF.WorkStation.AutoOcr.UI;component/ModelImages/上晶圆-成品.png,PF.WorkStation.AutoOcr/CostParam/AlarmCodesExtensions.cs
86,PROC_WS2F_MOT_010,50085,流程异常/运动,工位2上下料-寻层扫描移动到终点失败,WS2 LD: slot scan move to end fail,2,1. 检查Z轴伺服驱动器是否报警;\n2. 检查Z轴是否卡在中途;\n3. 手动点动Z轴确认运动正常;\n4. 复位后重新运行;,/PF.WorkStation.AutoOcr.UI;component/ModelImages/上晶圆-成品.png,PF.WorkStation.AutoOcr/CostParam/AlarmCodesExtensions.cs
87,PROC_WS2F_ALG_005,50086,流程异常/算法,工位2上下料-寻层算法理论层坐标未初始化,WS2 LD: slot-find coords not init,2,1. 确认已执行切换生产状态;\n2. 检查配方参数是否完整;\n3. 复位后重新运行;,/PF.WorkStation.AutoOcr.UI;component/ModelImages/上晶圆-成品.png,PF.WorkStation.AutoOcr/CostParam/AlarmCodesExtensions.cs
88,PROC_WS2F_ALG_006,50087,流程异常/算法,工位2上下料-寻层算法传感器原始数据不足,WS2 LD: low sensor raw data,2,1. 检查传感器信号线连接;\n2. 确认料盒位置正确;\n3. 复位后重新运行;,/PF.WorkStation.AutoOcr.UI;component/ModelImages/上晶圆-成品.png,PF.WorkStation.AutoOcr/CostParam/AlarmCodesExtensions.cs
89,PROC_WS2F_ALG_007,50088,流程异常/算法,工位2上下料-寻层算法双传感器识别数量差异过大（疑似斜片或传感器失效）,WS2 LD: dual-sensor count mismatch,2,1. 检查左右传感器信号;\n2. 确认物料摆放无倾斜;\n3. 复位后重新运行;,/PF.WorkStation.AutoOcr.UI;component/ModelImages/上晶圆-成品.png,PF.WorkStation.AutoOcr/CostParam/AlarmCodesExtensions.cs
90,PROC_WS2F_ALG_008,50089,流程异常/算法,工位2上下料-寻层算法检测到严重斜片(Cross-slot),WS2 Load: Cross-slot wafer detected,2,1. 人工检查料盒内物料状态;\n2. 小心处理斜片物料;\n3. 复位后重新执行寻层;,/PF.WorkStation.AutoOcr.UI;component/ModelImages/上晶圆-成品.png,PF.WorkStation.AutoOcr/CostParam/AlarmCodesExtensions.cs
91,PROC_WS2F_ALG_009,50090,流程异常/算法,工位2上下料-寻层算法检测到重叠片(Double-wafer),WS2 Load: Double-wafer detected,2,1. 人工检查料盒内物料状态;\n2. 小心分离重叠物料;\n3. 复位后重新执行寻层;,/PF.WorkStation.AutoOcr.UI;component/ModelImages/上晶圆-成品.png,PF.WorkStation.AutoOcr/CostParam/AlarmCodesExtensions.cs
92,PROC_WS2F_ALG_010,50091,流程异常/算法,工位2上下料-寻层算法晶圆严重偏离标准槽位（可能未插到底）,"WS2 LD: wafer off-slot, not seated",2,1. 检查物料是否正确插入槽位;\n2. 确认料盒无损坏;\n3. 复位后重新执行寻层;,/PF.WorkStation.AutoOcr.UI;component/ModelImages/上晶圆-成品.png,PF.WorkStation.AutoOcr/CostParam/AlarmCodesExtensions.cs
93,PROC_WS2F_ALG_011,50092,流程异常/算法,工位2上下料-指定层与实际寻层结果不匹配,WS2 Load: Target slot mismatch,2,1. 核查料盒内实际物料层位;\n2. 确认切换批次时选择的指定层是否正确;\n3. 修正指定层设置后重新切换批次;,/PF.WorkStation.AutoOcr.UI;component/ModelImages/上晶圆-成品.png,PF.WorkStation.AutoOcr/CostParam/AlarmCodesExtensions.cs
94,PROC_WS2F_RSM_001,50093,断点续跑,工位2上下料-重启后物料状态与记忆不一致,WS2 Load: Resume status mismatch,3,1. 人工核查料盒内物料数量是否与系统记忆一致;\n2. 若物料已被取走，请清空批次后重新下发;\n3. 若物料仍在，检查传感器或算法是否异常;\n4. 确认状态后手动复位重启;,/PF.WorkStation.AutoOcr.UI;component/ModelImages/上晶圆-成品.png,PF.WorkStation.AutoOcr/CostParam/AlarmCodesExtensions.cs
95,PROC_WS2F_INIT_001,50094,流程异常/初始化,工位2上下料-初始化异常,WS2 Load: Initialization failed,2,1. 查看日志中具体异常信息;\n2. 排查对应硬件或配置项;\n3. 排除故障后复位重新初始化;,/PF.WorkStation.AutoOcr.UI;component/ModelImages/上晶圆-成品.png,PF.WorkStation.AutoOcr/CostParam/AlarmCodesExtensions.cs
96,PROC_WS2F_RSM_002,50095,断点续跑,工位2上下料-断点续跑异常,WS2 Load: Resume run failed,2,1. 查看日志中具体异常信息;\n2. 排查对应硬件或状态异常;\n3. 排除故障后复位重新运行;,/PF.WorkStation.AutoOcr.UI;component/ModelImages/上晶圆-成品.png,PF.WorkStation.AutoOcr/CostParam/AlarmCodesExtensions.cs
97,PROC_WS1P_DATA_001,50096,流程异常/数据,工位1拉料-配方参数为空,WS1 Pull: Recipe params empty,2,1. 确认配方已正确下发至工位1;\n2. 检查配方参数页面数据是否完整;\n3. 重新下发配方后复位;,/PF.WorkStation.AutoOcr.UI;component/ModelImages/夹爪-成品.png,PF.WorkStation.AutoOcr/CostParam/AlarmCodesExtensions.cs
98,PROC_WS1P_INIT_001,50097,流程异常/初始化,工位1拉料-初始化校验失败,WS1 Pull: Init check failed,2,1. 根据报警描述核对夹爪物料状态与配方尺寸是否一致;\n2. 确认轨道/夹爪上无残留或异常物料;\n3. 排除后复位重新初始化;,/PF.WorkStation.AutoOcr.UI;component/ModelImages/夹爪-成品.png,PF.WorkStation.AutoOcr/CostParam/AlarmCodesExtensions.cs
99,PROC_WS1P_MOT_001,50098,流程异常/运动,工位1拉料-调整流道尺寸失败,WS1 Pull: Adjust track size failed,2,1. 检查流道宽度调整电机是否报警;\n2. 确认气源压力是否在正常范围;\n3. 手动操作确认流道机构;\n4. 复位后将重试调整;,/PF.WorkStation.AutoOcr.UI;component/ModelImages/夹爪-成品.png,PF.WorkStation.AutoOcr/CostParam/AlarmCodesExtensions.cs
100,PROC_WS1P_MOT_002,50099,流程异常/运动,工位1拉料-Y轴移动到取料位失败,WS1 Pull: Y-axis move to pick fail,2,1. 检查Y轴伺服是否报警或超时;\n2. 手动点动Y轴确认运动正常;\n3. 检查运动参数;\n4. 复位后将重试移动;,/PF.WorkStation.AutoOcr.UI;component/ModelImages/夹爪-成品.png,PF.WorkStation.AutoOcr/CostParam/AlarmCodesExtensions.cs
101,PROC_WS1P_ACT_001,50100,流程异常/执行器,工位1拉料-关闭夹爪失败（未感应到闭合信号）,WS1 Pull: Close grip failed,2,1. 检查气源压力是否在正常范围;\n2. 检查夹爪闭合传感器信号;\n3. 手动操作夹爪确认动作;\n4. 复位后将重试;,/PF.WorkStation.AutoOcr.UI;component/ModelImages/夹爪-成品.png,PF.WorkStation.AutoOcr/CostParam/AlarmCodesExtensions.cs
102,PROC_WS1P_MAT_001,50101,流程异常/物料,工位1拉料-检测到叠料异常,WS1 Pull: Stacked wafer detected,2,1. 人工检查料盒内物料状态;\n2. 小心分离叠料;\n3. 确认物料正常后复位;,/PF.WorkStation.AutoOcr.UI;component/ModelImages/夹爪-成品.png,PF.WorkStation.AutoOcr/CostParam/AlarmCodesExtensions.cs
103,PROC_WS1P_SEN_004,50102,流程异常/传感器,工位1拉料-8寸晶圆放反,"WS1 Pull: 8\"" Wafer Reversed",2,1. 取出料盒检查晶圆放置方向;\n2. 确认防反传感器信号正常;\n3. 正确放置后复位;,/PF.WorkStation.AutoOcr.UI;component/ModelImages/夹爪-成品.png,PF.WorkStation.AutoOcr/CostParam/AlarmCodesExtensions.cs
104,PROC_WS1P_SEN_005,50103,流程异常/传感器,工位1拉料-12寸晶圆放反,"WS1 Pull: 12\"" Wafer Reversed",2,1. 取出料盒检查晶圆放置方向;\n2. 确认防反传感器信号正常;\n3. 正确放置后复位;,/PF.WorkStation.AutoOcr.UI;component/ModelImages/夹爪-成品.png,PF.WorkStation.AutoOcr/CostParam/AlarmCodesExtensions.cs
105,PROC_WS1P_MOT_003,50104,流程异常/运动,工位1拉料-拉出至检测位失败（运动被中断）,WS1 Pull: Pull to Check Failed,2,1. 检查Y轴伺服驱动器是否报警;\n2. 检查是否触发卡料或掉料防呆;\n3. 手动确认Y轴运动是否顺畅;\n4. 复位后将重试拉出;,/PF.WorkStation.AutoOcr.UI;component/ModelImages/夹爪-成品.png,PF.WorkStation.AutoOcr/CostParam/AlarmCodesExtensions.cs
106,PROC_WS1P_MOT_004,50105,流程异常/运动,工位1拉料-推回至料盒失败（运动被中断）,WS1 Pull: push back fail,2,1. 检查Y轴伺服驱动器是否报警;\n2. 检查是否触发防呆拦截;\n3. 确认Y轴无卡阻;\n4. 复位后将重试推回;,/PF.WorkStation.AutoOcr.UI;component/ModelImages/夹爪-成品.png,PF.WorkStation.AutoOcr/CostParam/AlarmCodesExtensions.cs
107,PROC_WS1P_ACT_002,50106,流程异常/执行器,工位1拉料-打开夹爪失败,WS1 Pull: Open Gripper Failed,2,1. 检查气源压力;\n2. 检查夹爪张开传感器信号;\n3. 手动操作夹爪确认动作;\n4. 复位后将重试;,/PF.WorkStation.AutoOcr.UI;component/ModelImages/夹爪-成品.png,PF.WorkStation.AutoOcr/CostParam/AlarmCodesExtensions.cs
108,PROC_WS1P_MOT_005,50107,流程异常/运动,工位1拉料-Y轴退回待机位失败,WS1 Pull: Y-Axis Return Home Failed,2,1. 检查Y轴伺服是否报警;\n2. 手动点动Y轴确认运动正常;\n3. 复位后将重试退回;,/PF.WorkStation.AutoOcr.UI;component/ModelImages/夹爪-成品.png,PF.WorkStation.AutoOcr/CostParam/AlarmCodesExtensions.cs
109,PROC_WS1P_MAT_002,50108,流程异常/物料,工位1拉料-退回安全位后夹爪仍检测到带料,WS1 Pull: Material Still in Gripper,2,1. 人工排查夹爪是否粘连带料;\n2. 小心取下残留物料;\n3. 检查夹爪内传感器;\n4. 确认无料后复位;,/PF.WorkStation.AutoOcr.UI;component/ModelImages/夹爪-成品.png,PF.WorkStation.AutoOcr/CostParam/AlarmCodesExtensions.cs
110,PROC_WS1P_MOT_006,50109,流程异常/运动,工位1拉料-初始化拉料流程失败（Y轴运动到待机位失败）,WS1 Pull: Init Sequence Failed,2,1. 检查Y轴伺服是否报警;\n2. 手动点动Y轴确认运动正常;\n3. 复位后重新运行;,/PF.WorkStation.AutoOcr.UI;component/ModelImages/夹爪-成品.png,PF.WorkStation.AutoOcr/CostParam/AlarmCodesExtensions.cs
111,PROC_WS1P_MAT_003,50110,流程异常/物料,工位1拉料-轨道有物料，无法执行尺寸切换,"WS1 Pull: track busy, no switch",2,1. 清除轨道上的残留物料;\n2. 确认轨道无料后复位;,/PF.WorkStation.AutoOcr.UI;component/ModelImages/夹爪-成品.png,PF.WorkStation.AutoOcr/CostParam/AlarmCodesExtensions.cs
112,PROC_WS1P_ACT_003,50111,流程异常/执行器,工位1拉料-尺寸切换气缸IO操作失败,WS1 Pull: Size Cylinder IO Failed,2,1. 检查IO模块输出信号;\n2. 确认电磁阀接线;\n3. 复位后重新运行;,/PF.WorkStation.AutoOcr.UI;component/ModelImages/夹爪-成品.png,PF.WorkStation.AutoOcr/CostParam/AlarmCodesExtensions.cs
113,PROC_WS1P_ACT_004,50112,流程异常/执行器,工位1拉料-尺寸切换气缸动作超时,WS1 Pull: Size Cylinder Timeout,2,1. 检查气源压力是否正常;\n2. 确认磁性开关信号;\n3. 复位后重新运行;,/PF.WorkStation.AutoOcr.UI;component/ModelImages/夹爪-成品.png,PF.WorkStation.AutoOcr/CostParam/AlarmCodesExtensions.cs
114,PROC_WS1P_ACT_005,50113,流程异常/执行器,工位1拉料-夹爪张开气缸操作失败,WS1 Pull: Gripper Open Cyl Failed,2,1. 检查IO模块输出信号;\n2. 确认气缸接线;\n3. 复位后重新运行;,/PF.WorkStation.AutoOcr.UI;component/ModelImages/夹爪-成品.png,PF.WorkStation.AutoOcr/CostParam/AlarmCodesExtensions.cs
115,PROC_WS1P_ACT_006,50114,流程异常/执行器,工位1拉料-夹爪张开超时，未感应到张开信号,WS1 Pull: Gripper Open Timeout,2,1. 检查气源压力;\n2. 确认气缸张开传感器信号;\n3. 复位后重新运行;,/PF.WorkStation.AutoOcr.UI;component/ModelImages/夹爪-成品.png,PF.WorkStation.AutoOcr/CostParam/AlarmCodesExtensions.cs
116,PROC_WS1P_ACT_007,50115,流程异常/执行器,工位1拉料-夹爪闭合气缸操作失败,WS1 Pull: Gripper Close Cyl Failed,2,1. 检查IO模块输出信号;\n2. 确认气缸接线;\n3. 复位后重新运行;,/PF.WorkStation.AutoOcr.UI;component/ModelImages/夹爪-成品.png,PF.WorkStation.AutoOcr/CostParam/AlarmCodesExtensions.cs
117,PROC_WS1P_ACT_008,50116,流程异常/执行器,工位1拉料-夹爪闭合超时，未感应到闭合信号,WS1 Pull: Gripper Close Timeout,2,1. 检查气源压力;\n2. 确认气缸闭合传感器信号;\n3. 复位后重新运行;,/PF.WorkStation.AutoOcr.UI;component/ModelImages/夹爪-成品.png,PF.WorkStation.AutoOcr/CostParam/AlarmCodesExtensions.cs
118,PROC_WS1P_SEN_001,50117,流程异常/传感器,工位1拉料-夹爪闭合后未检测到铁环（空夹）,WS1 Pull: No Ring Detected (Empty),2,1. 确认上料工站已将物料正确推送至拉料位;\n2. 确认晶圆铁环是否在正确位置;\n3. 检查铁环检测传感器;\n4. 复位后重新运行;,/PF.WorkStation.AutoOcr.UI;component/ModelImages/夹爪-成品.png,PF.WorkStation.AutoOcr/CostParam/AlarmCodesExtensions.cs
119,PROC_WS1P_MOT_007,50118,流程异常/运动,工位1拉料-移动到待机位失败,WS1 Pull: Move to Home Failed,2,1. 检查Y轴伺服是否报警;\n2. 手动点动Y轴确认运动正常;\n3. 复位后重新运行;,/PF.WorkStation.AutoOcr.UI;component/ModelImages/夹爪-成品.png,PF.WorkStation.AutoOcr/CostParam/AlarmCodesExtensions.cs
120,PROC_WS1P_SEN_002,50119,流程异常/传感器,工位1拉料-待机位检测到残留物料,WS1 Pull: Residual Material at Home,2,1. 人工确认夹爪内是否有残留物料;\n2. 清除残留物料后复位;,/PF.WorkStation.AutoOcr.UI;component/ModelImages/夹爪-成品.png,PF.WorkStation.AutoOcr/CostParam/AlarmCodesExtensions.cs
121,PROC_WS1P_MOT_008,50120,流程异常/运动,工位1拉料-移动到待机位失败（强制复位）,WS1 Pull: move to home fail (force),2,1. 检查Y轴伺服是否报警;\n2. 手动点动Y轴确认运动正常;\n3. 复位后重新运行;,/PF.WorkStation.AutoOcr.UI;component/ModelImages/夹爪-成品.png,PF.WorkStation.AutoOcr/CostParam/AlarmCodesExtensions.cs
122,PROC_WS1P_MOT_009,50121,流程异常/运动,工位1拉料-移动到取出安全位置失败,WS1 Pull: Move to Safe Pos Failed,2,1. 检查Y轴伺服是否报警;\n2. 手动点动Y轴确认运动正常;\n3. 复位后重新运行;,/PF.WorkStation.AutoOcr.UI;component/ModelImages/夹爪-成品.png,PF.WorkStation.AutoOcr/CostParam/AlarmCodesExtensions.cs
123,PROC_WS1P_SEN_003,50122,流程异常/传感器,工位1拉料-卸料后夹爪物料粘连未脱落,"WS1 Pull: mat stuck, unload fail",2,1. 人工排查夹爪是否粘连带料;\n2. 小心取下残留物料;\n3. 复位后重新运行;,/PF.WorkStation.AutoOcr.UI;component/ModelImages/夹爪-成品.png,PF.WorkStation.AutoOcr/CostParam/AlarmCodesExtensions.cs
124,PROC_WS1P_MOT_010,50123,流程异常/运动,工位1拉料-移动到取料位置失败,WS1 Pull: Move to Pick Pos Failed,2,1. 检查Y轴伺服是否报警;\n2. 手动点动Y轴确认运动正常;\n3. 复位后重新运行;,/PF.WorkStation.AutoOcr.UI;component/ModelImages/夹爪-成品.png,PF.WorkStation.AutoOcr/CostParam/AlarmCodesExtensions.cs
125,PROC_WS1P_MOT_011,50124,流程异常/运动,工位1拉料-拉出运动触发失败,WS1 Pull: pull motion trigger fail,2,1. 检查Y轴伺服是否报警;\n2. 确认运动控制卡连接;\n3. 复位后重新运行;,/PF.WorkStation.AutoOcr.UI;component/ModelImages/夹爪-成品.png,PF.WorkStation.AutoOcr/CostParam/AlarmCodesExtensions.cs
126,PROC_WS1P_MOT_012,50125,流程异常/运动,工位1拉料-拉出过程卡料报警，已紧急停止,"WS1 Pull: Pull Jam, E-Stop Active",3,1. 人工检查是否有物料卡阻;\n2. 确认轨道无异物;\n3. 处理后复位;,/PF.WorkStation.AutoOcr.UI;component/ModelImages/夹爪-成品.png,PF.WorkStation.AutoOcr/CostParam/AlarmCodesExtensions.cs
127,PROC_WS1P_MOT_013,50126,流程异常/运动,工位1拉料-拉出过程丢料报警，已紧急停止,"WS1 Pull: Pull Drop, E-Stop Active",3,1. 人工检查物料是否脱落;\n2. 小心回收脱落的物料;\n3. 处理后复位;,/PF.WorkStation.AutoOcr.UI;component/ModelImages/夹爪-成品.png,PF.WorkStation.AutoOcr/CostParam/AlarmCodesExtensions.cs
128,PROC_WS1P_MOT_014,50127,流程异常/运动,工位1拉料-Y轴拉出运动超时,WS1 Pull: Y-Axis Pull Timeout,2,1. 检查Y轴是否卡在中途;\n2. 手动点动Y轴确认运动正常;\n3. 检查运动参数;\n4. 复位后重新运行;,/PF.WorkStation.AutoOcr.UI;component/ModelImages/夹爪-成品.png,PF.WorkStation.AutoOcr/CostParam/AlarmCodesExtensions.cs
129,PROC_WS1P_MOT_015,50128,流程异常/运动,工位1拉料-送入运动触发失败,WS1 Pull: feed motion trigger fail,2,1. 检查Y轴伺服是否报警;\n2. 确认运动控制卡连接;\n3. 复位后重新运行;,/PF.WorkStation.AutoOcr.UI;component/ModelImages/夹爪-成品.png,PF.WorkStation.AutoOcr/CostParam/AlarmCodesExtensions.cs
130,PROC_WS1P_MOT_016,50129,流程异常/运动,工位1拉料-送入过程卡料报警，已紧急刹停,"WS1 Pull: Feed Jam, E-Stop Active",3,1. 人工检查是否有物料卡阻;\n2. 确认轨道无异物;\n3. 处理后复位;,/PF.WorkStation.AutoOcr.UI;component/ModelImages/夹爪-成品.png,PF.WorkStation.AutoOcr/CostParam/AlarmCodesExtensions.cs
131,PROC_WS1P_MOT_017,50130,流程异常/运动,工位1拉料-送入过程丢料报警，已紧急刹停,"WS1 Pull: Feed Drop, E-Stop Active",3,1. 人工检查物料是否脱落;\n2. 小心回收脱落的物料;\n3. 处理后复位;,/PF.WorkStation.AutoOcr.UI;component/ModelImages/夹爪-成品.png,PF.WorkStation.AutoOcr/CostParam/AlarmCodesExtensions.cs
132,PROC_WS1P_MOT_018,50131,流程异常/运动,工位1拉料-送入运动超时,WS1 Pull: Feed Motion Timeout,2,1. 检查Y轴是否卡在中途;\n2. 手动点动Y轴确认运动正常;\n3. 检查运动参数;\n4. 复位后重新运行;,/PF.WorkStation.AutoOcr.UI;component/ModelImages/夹爪-成品.png,PF.WorkStation.AutoOcr/CostParam/AlarmCodesExtensions.cs
133,PROC_WS1P_CAM_001,50132,流程异常/相机,工位1拉料-扫码失败或校验不合法,WS1 Pull: Scan/Verify Failed,2,1. 检查扫码枪连接;\n2. 确认光源亮度;\n3. 清洁扫码枪镜头;\n4. 复位后重新运行;,/PF.WorkStation.AutoOcr.UI;component/ModelImages/夹爪-成品.png,PF.WorkStation.AutoOcr/CostParam/AlarmCodesExtensions.cs
134,PROC_WS2P_DATA_001,50133,流程异常/数据,工位2拉料-配方参数为空,WS2 Pull: Recipe Params Empty,2,1. 确认配方已正确下发至工位2;\n2. 检查配方参数页面数据是否完整;\n3. 重新下发配方后复位;,/PF.WorkStation.AutoOcr.UI;component/ModelImages/夹爪-成品.png,PF.WorkStation.AutoOcr/CostParam/AlarmCodesExtensions.cs
135,PROC_WS2P_INIT_001,50134,流程异常/初始化,工位2拉料-初始化校验失败,WS2 Pull: Init Check Failed,2,1. 根据报警描述核对夹爪物料状态与配方尺寸是否一致;\n2. 确认轨道/夹爪上无残留或异常物料;\n3. 排除后复位重新初始化;,/PF.WorkStation.AutoOcr.UI;component/ModelImages/夹爪-成品.png,PF.WorkStation.AutoOcr/CostParam/AlarmCodesExtensions.cs
136,PROC_WS2P_MOT_001,50135,流程异常/运动,工位2拉料-调整流道尺寸失败,WS2 Pull: Adjust Track Size Failed,2,1. 检查流道宽度调整电机是否报警;\n2. 确认气源压力是否在正常范围;\n3. 手动操作确认流道机构;\n4. 复位后将重试调整;,/PF.WorkStation.AutoOcr.UI;component/ModelImages/夹爪-成品.png,PF.WorkStation.AutoOcr/CostParam/AlarmCodesExtensions.cs
137,PROC_WS2P_MOT_002,50136,流程异常/运动,工位2拉料-Y轴移动到取料位失败,WS2 Pull: Y-axis move to pick fail,2,1. 检查Y轴伺服是否报警或超时;\n2. 手动点动Y轴确认运动正常;\n3. 检查运动参数;\n4. 复位后将重试移动;,/PF.WorkStation.AutoOcr.UI;component/ModelImages/夹爪-成品.png,PF.WorkStation.AutoOcr/CostParam/AlarmCodesExtensions.cs
138,PROC_WS2P_ACT_001,50137,流程异常/执行器,工位2拉料-关闭夹爪失败（未感应到闭合信号）,WS2 Pull: Close Gripper Failed,2,1. 检查气源压力是否在正常范围;\n2. 检查夹爪闭合传感器信号;\n3. 手动操作夹爪确认动作;\n4. 复位后将重试;,/PF.WorkStation.AutoOcr.UI;component/ModelImages/夹爪-成品.png,PF.WorkStation.AutoOcr/CostParam/AlarmCodesExtensions.cs
139,PROC_WS2P_MAT_001,50138,流程异常/物料,工位2拉料-检测到叠料异常,WS2 Pull: Double Material Detected,2,1. 人工检查料盒内物料状态;\n2. 小心分离叠料;\n3. 确认物料正常后复位;,/PF.WorkStation.AutoOcr.UI;component/ModelImages/夹爪-成品.png,PF.WorkStation.AutoOcr/CostParam/AlarmCodesExtensions.cs
140,PROC_WS2P_MOT_003,50139,流程异常/运动,工位2拉料-拉出至检测位失败（运动被中断）,WS2 Pull: Pull to Check Failed,2,1. 检查Y轴伺服驱动器是否报警;\n2. 检查是否触发卡料或掉料防呆;\n3. 手动确认Y轴运动是否顺畅;\n4. 复位后将重试拉出;,/PF.WorkStation.AutoOcr.UI;component/ModelImages/夹爪-成品.png,PF.WorkStation.AutoOcr/CostParam/AlarmCodesExtensions.cs
141,PROC_WS2P_MOT_004,50140,流程异常/运动,工位2拉料-推回至料盒失败（运动被中断）,WS2 Pull: push back fail,2,1. 检查Y轴伺服驱动器是否报警;\n2. 检查是否触发防呆拦截;\n3. 确认Y轴无卡阻;\n4. 复位后将重试推回;,/PF.WorkStation.AutoOcr.UI;component/ModelImages/夹爪-成品.png,PF.WorkStation.AutoOcr/CostParam/AlarmCodesExtensions.cs
142,PROC_WS2P_ACT_002,50141,流程异常/执行器,工位2拉料-打开夹爪失败,WS2 Pull: Open Gripper Failed,2,1. 检查气源压力;\n2. 检查夹爪张开传感器信号;\n3. 手动操作夹爪确认动作;\n4. 复位后将重试;,/PF.WorkStation.AutoOcr.UI;component/ModelImages/夹爪-成品.png,PF.WorkStation.AutoOcr/CostParam/AlarmCodesExtensions.cs
143,PROC_WS2P_MOT_005,50142,流程异常/运动,工位2拉料-Y轴退回待机位失败,WS2 Pull: Y-Axis Return Home Failed,2,1. 检查Y轴伺服是否报警;\n2. 手动点动Y轴确认运动正常;\n3. 复位后将重试退回;,/PF.WorkStation.AutoOcr.UI;component/ModelImages/夹爪-成品.png,PF.WorkStation.AutoOcr/CostParam/AlarmCodesExtensions.cs
144,PROC_WS2P_MAT_002,50143,流程异常/物料,工位2拉料-退回安全位后夹爪仍检测到带料,WS2 Pull: Material Still in Gripper,2,1. 人工排查夹爪是否粘连带料;\n2. 小心取下残留物料;\n3. 检查夹爪内传感器;\n4. 确认无料后复位;,/PF.WorkStation.AutoOcr.UI;component/ModelImages/夹爪-成品.png,PF.WorkStation.AutoOcr/CostParam/AlarmCodesExtensions.cs
145,PROC_WS2P_MOT_006,50144,流程异常/运动,工位2拉料-初始化拉料流程失败（Y轴运动到待机位失败）,WS2 Pull: Init Sequence Failed,2,1. 检查Y轴伺服是否报警;\n2. 手动点动Y轴确认运动正常;\n3. 复位后重新运行;,/PF.WorkStation.AutoOcr.UI;component/ModelImages/夹爪-成品.png,PF.WorkStation.AutoOcr/CostParam/AlarmCodesExtensions.cs
146,PROC_WS2P_MAT_003,50145,流程异常/物料,工位2拉料-轨道有物料，无法执行尺寸切换,"WS2 Pull: track busy, no switch",2,1. 清除轨道上的残留物料;\n2. 确认轨道无料后复位;,/PF.WorkStation.AutoOcr.UI;component/ModelImages/夹爪-成品.png,PF.WorkStation.AutoOcr/CostParam/AlarmCodesExtensions.cs
147,PROC_WS2P_ACT_003,50146,流程异常/执行器,工位2拉料-尺寸切换气缸IO操作失败,WS2 Pull: Size Cylinder IO Failed,2,1. 检查IO模块输出信号;\n2. 确认电磁阀接线;\n3. 复位后重新运行;,/PF.WorkStation.AutoOcr.UI;component/ModelImages/夹爪-成品.png,PF.WorkStation.AutoOcr/CostParam/AlarmCodesExtensions.cs
148,PROC_WS2P_ACT_004,50147,流程异常/执行器,工位2拉料-尺寸切换气缸动作超时,WS2 Pull: Size Cylinder Timeout,2,1. 检查气源压力是否正常;\n2. 确认磁性开关信号;\n3. 复位后重新运行;,/PF.WorkStation.AutoOcr.UI;component/ModelImages/夹爪-成品.png,PF.WorkStation.AutoOcr/CostParam/AlarmCodesExtensions.cs
149,PROC_WS2P_ACT_005,50148,流程异常/执行器,工位2拉料-夹爪张开气缸操作失败,WS2 Pull: Gripper Open Cyl Failed,2,1. 检查IO模块输出信号;\n2. 确认气缸接线;\n3. 复位后重新运行;,/PF.WorkStation.AutoOcr.UI;component/ModelImages/夹爪-成品.png,PF.WorkStation.AutoOcr/CostParam/AlarmCodesExtensions.cs
150,PROC_WS2P_ACT_006,50149,流程异常/执行器,工位2拉料-夹爪张开超时，未感应到张开信号,WS2 Pull: Gripper Open Timeout,2,1. 检查气源压力;\n2. 确认气缸张开传感器信号;\n3. 复位后重新运行;,/PF.WorkStation.AutoOcr.UI;component/ModelImages/夹爪-成品.png,PF.WorkStation.AutoOcr/CostParam/AlarmCodesExtensions.cs
151,PROC_WS2P_ACT_007,50150,流程异常/执行器,工位2拉料-夹爪闭合气缸操作失败,WS2 Pull: Gripper Close Cyl Failed,2,1. 检查IO模块输出信号;\n2. 确认气缸接线;\n3. 复位后重新运行;,/PF.WorkStation.AutoOcr.UI;component/ModelImages/夹爪-成品.png,PF.WorkStation.AutoOcr/CostParam/AlarmCodesExtensions.cs
152,PROC_WS2P_ACT_008,50151,流程异常/执行器,工位2拉料-夹爪闭合超时，未感应到闭合信号,WS2 Pull: Gripper Close Timeout,2,1. 检查气源压力;\n2. 确认气缸闭合传感器信号;\n3. 复位后重新运行;,/PF.WorkStation.AutoOcr.UI;component/ModelImages/夹爪-成品.png,PF.WorkStation.AutoOcr/CostParam/AlarmCodesExtensions.cs
153,PROC_WS2P_SEN_001,50152,流程异常/传感器,工位2拉料-夹爪闭合后未检测到铁环（空夹）,WS2 Pull: No Ring Detected (Empty),2,1. 确认上料工站已将物料正确推送至拉料位;\n2. 确认晶圆铁环是否在正确位置;\n3. 检查铁环检测传感器;\n4. 复位后重新运行;,/PF.WorkStation.AutoOcr.UI;component/ModelImages/夹爪-成品.png,PF.WorkStation.AutoOcr/CostParam/AlarmCodesExtensions.cs
154,PROC_WS2P_MOT_007,50153,流程异常/运动,工位2拉料-移动到待机位失败,WS2 Pull: move to standby pos fail,2,1. 检查Y轴伺服是否报警;\n2. 手动点动Y轴确认运动正常;\n3. 复位后重新运行;,/PF.WorkStation.AutoOcr.UI;component/ModelImages/夹爪-成品.png,PF.WorkStation.AutoOcr/CostParam/AlarmCodesExtensions.cs
155,PROC_WS2P_SEN_002,50154,流程异常/传感器,工位2拉料-待机位检测到残留物料,WS2 Pull: residue at standby,2,1. 人工确认夹爪内是否有残留物料;\n2. 清除残留物料后复位;,/PF.WorkStation.AutoOcr.UI;component/ModelImages/夹爪-成品.png,PF.WorkStation.AutoOcr/CostParam/AlarmCodesExtensions.cs
156,PROC_WS2P_MOT_008,50155,流程异常/运动,工位2拉料-移动到待机位失败（强制复位）,WS2 Pull: standby move fail (RST),2,1. 检查Y轴伺服是否报警;\n2. 手动点动Y轴确认运动正常;\n3. 复位后重新运行;,/PF.WorkStation.AutoOcr.UI;component/ModelImages/夹爪-成品.png,PF.WorkStation.AutoOcr/CostParam/AlarmCodesExtensions.cs
157,PROC_WS2P_MOT_009,50156,流程异常/运动,工位2拉料-移动到取出安全位置失败,WS2 Pull: Move to Safe Pos Failed,2,1. 检查Y轴伺服是否报警;\n2. 手动点动Y轴确认运动正常;\n3. 复位后重新运行;,/PF.WorkStation.AutoOcr.UI;component/ModelImages/夹爪-成品.png,PF.WorkStation.AutoOcr/CostParam/AlarmCodesExtensions.cs
158,PROC_WS2P_SEN_003,50157,流程异常/传感器,工位2拉料-卸料后夹爪物料粘连未脱落,WS2 Pull: Gripper Material Sticking,2,1. 人工排查夹爪是否粘连带料;\n2. 小心取下残留物料;\n3. 复位后重新运行;,/PF.WorkStation.AutoOcr.UI;component/ModelImages/夹爪-成品.png,PF.WorkStation.AutoOcr/CostParam/AlarmCodesExtensions.cs
159,PROC_WS2P_SEN_004,50158,流程异常/传感器,工位2拉料-8寸晶圆放反,"WS2 Pull: 8\"" Wafer Placed Reversed",2,1. 取出料盒检查晶圆放置方向;\n2. 确认防反传感器信号正常;\n3. 正确放置后复位;,/PF.WorkStation.AutoOcr.UI;component/ModelImages/夹爪-成品.png,PF.WorkStation.AutoOcr/CostParam/AlarmCodesExtensions.cs
160,PROC_WS2P_SEN_005,50159,流程异常/传感器,工位2拉料-12寸晶圆放反,"WS2 Pull: 12\"" Wafer Reversed",2,1. 取出料盒检查晶圆放置方向;\n2. 确认防反传感器信号正常;\n3. 正确放置后复位;,/PF.WorkStation.AutoOcr.UI;component/ModelImages/夹爪-成品.png,PF.WorkStation.AutoOcr/CostParam/AlarmCodesExtensions.cs
161,PROC_WS2P_MOT_010,50160,流程异常/运动,工位2拉料-移动到取料位置失败,WS2 Pull: Move to Pick Pos Failed,2,1. 检查Y轴伺服是否报警;\n2. 手动点动Y轴确认运动正常;\n3. 复位后重新运行;,/PF.WorkStation.AutoOcr.UI;component/ModelImages/夹爪-成品.png,PF.WorkStation.AutoOcr/CostParam/AlarmCodesExtensions.cs
162,PROC_WS2P_MOT_011,50161,流程异常/运动,工位2拉料-拉出运动触发失败,WS2 Pull: Pull Motion Trigger Fail,2,1. 检查Y轴伺服是否报警;\n2. 确认运动控制卡连接;\n3. 复位后重新运行;,/PF.WorkStation.AutoOcr.UI;component/ModelImages/夹爪-成品.png,PF.WorkStation.AutoOcr/CostParam/AlarmCodesExtensions.cs
163,PROC_WS2P_MOT_012,50162,流程异常/运动,工位2拉料-拉出过程卡料报警，已紧急停止,"WS2 Pull: pull jam, E-stop on",3,1. 人工检查是否有物料卡阻;\n2. 确认轨道无异物;\n3. 处理后复位;,/PF.WorkStation.AutoOcr.UI;component/ModelImages/夹爪-成品.png,PF.WorkStation.AutoOcr/CostParam/AlarmCodesExtensions.cs
164,PROC_WS2P_MOT_013,50163,流程异常/运动,工位2拉料-拉出过程丢料报警，已紧急停止,"WS2 Pull: pull drop, E-stop on",3,1. 人工检查物料是否脱落;\n2. 小心回收脱落的物料;\n3. 处理后复位;,/PF.WorkStation.AutoOcr.UI;component/ModelImages/夹爪-成品.png,PF.WorkStation.AutoOcr/CostParam/AlarmCodesExtensions.cs
165,PROC_WS2P_MOT_014,50164,流程异常/运动,工位2拉料-Y轴拉出运动超时,WS2 Pull: Y pull motion timeout,2,1. 检查Y轴是否卡在中途;\n2. 手动点动Y轴确认运动正常;\n3. 检查运动参数;\n4. 复位后重新运行;,/PF.WorkStation.AutoOcr.UI;component/ModelImages/夹爪-成品.png,PF.WorkStation.AutoOcr/CostParam/AlarmCodesExtensions.cs
166,PROC_WS2P_MOT_015,50165,流程异常/运动,工位2拉料-送入运动触发失败,WS2 Pull: Feed Motion Trigger Fail,2,1. 检查Y轴伺服是否报警;\n2. 确认运动控制卡连接;\n3. 复位后重新运行;,/PF.WorkStation.AutoOcr.UI;component/ModelImages/夹爪-成品.png,PF.WorkStation.AutoOcr/CostParam/AlarmCodesExtensions.cs
167,PROC_WS2P_MOT_016,50166,流程异常/运动,工位2拉料-送入过程卡料报警，已紧急刹停,"WS2 Pull: feed jam, E-stop on",3,1. 人工检查是否有物料卡阻;\n2. 确认轨道无异物;\n3. 处理后复位;,/PF.WorkStation.AutoOcr.UI;component/ModelImages/夹爪-成品.png,PF.WorkStation.AutoOcr/CostParam/AlarmCodesExtensions.cs
168,PROC_WS2P_MOT_017,50167,流程异常/运动,工位2拉料-送入过程丢料报警，已紧急刹停,"WS2 Pull: feed drop, E-stop on",3,1. 人工检查物料是否脱落;\n2. 小心回收脱落的物料;\n3. 处理后复位;,/PF.WorkStation.AutoOcr.UI;component/ModelImages/夹爪-成品.png,PF.WorkStation.AutoOcr/CostParam/AlarmCodesExtensions.cs
169,PROC_WS2P_MOT_018,50168,流程异常/运动,工位2拉料-送入运动超时,WS2 Pull: Feed Motion Timeout,2,1. 检查Y轴是否卡在中途;\n2. 手动点动Y轴确认运动正常;\n3. 检查运动参数;\n4. 复位后重新运行;,/PF.WorkStation.AutoOcr.UI;component/ModelImages/夹爪-成品.png,PF.WorkStation.AutoOcr/CostParam/AlarmCodesExtensions.cs
170,PROC_WS2P_CAM_001,50169,流程异常/相机,工位2拉料-扫码失败或校验不合法,WS2 Pull: Scan or Verify Failed,2,1. 检查扫码枪连接;\n2. 确认光源亮度;\n3. 清洁扫码枪镜头;\n4. 复位后重新运行;,/PF.WorkStation.AutoOcr.UI;component/ModelImages/夹爪-成品.png,PF.WorkStation.AutoOcr/CostParam/AlarmCodesExtensions.cs
171,PROC_DET_SIG_001,50170,流程异常/信号,OCR检测-等待工位检测信号任务池异常中断,OCR: Task Pool Abnormal Interrupt,2,1. 检查上游拉料工站信号是否正常发出;\n2. 确认工站间同步配置是否正确;\n3. 查看关联工站报警信息;\n4. 复位后重新运行;,/PF.WorkStation.AutoOcr.UI;component/ModelImages/视觉龙门-成品.png,PF.WorkStation.AutoOcr/CostParam/AlarmCodesExtensions.cs
172,PROC_DET_MOT_001,50171,流程异常/运动,OCR检测-龙门模组移动到检测位置失败,OCR: gantry inspect pos move fail,2,1. 检查龙门X/Y/Z轴是否报警;\n2. 确认配方中目标坐标是否正确;\n3. 手动点动确认龙门运动;\n4. 复位后重试定位;,/PF.WorkStation.AutoOcr.UI;component/ModelImages/视觉龙门-成品.png,PF.WorkStation.AutoOcr/CostParam/AlarmCodesExtensions.cs
173,PROC_DET_CAM_001,50172,流程异常/相机,OCR检测-相机握手失败（光源或相机掉线）,OCR: Cam Handshake Fail (Light/Cam),2,1. 检查相机连接状态;\n2. 检查光源控制器通讯状态;\n3. 确认相机触发参数配置正确;\n4. 手动触发相机确认功能;\n5. 复位后重新运行;,/PF.WorkStation.AutoOcr.UI;component/ModelImages/视觉龙门-成品.png,PF.WorkStation.AutoOcr/CostParam/AlarmCodesExtensions.cs
174,PROC_DET_MOT_002,50173,流程异常/运动,OCR检测-相机Z轴无法抬起避位（紧急锁死防撞）,OCR: Z-Axis Lift Fail (Crash Lock),2,1. 检查Z轴伺服是否报警;\n2. 手动点动Z轴确认是否能抬起;\n3. 确认无机械干涉;\n4. 复位后重试;,/PF.WorkStation.AutoOcr.UI;component/ModelImages/视觉龙门-成品.png,PF.WorkStation.AutoOcr/CostParam/AlarmCodesExtensions.cs
175,PROC_DET_DATA_001,50174,流程异常/数据,OCR检测-检测数据写入失败,OCR: Data Write Failed,2,1. 检查数据库连接与磁盘空间;\n2. 查看日志中具体写入错误信息;\n3. 尝试重启数据服务后复位;\n4. 联系维护人员检查数据库;,/PF.WorkStation.AutoOcr.UI;component/ModelImages/视觉龙门-成品.png,PF.WorkStation.AutoOcr/CostParam/AlarmCodesExtensions.cs
176,PROC_DET_MOT_003,50175,流程异常/运动,OCR检测-移动到待机位失败（Z轴或XY轴运动失败）,OCR: Move Standby Fail (Z/XY Axis),2,1. 检查XYZ轴伺服是否报警;\n2. 手动点动确认各轴运动正常;\n3. 复位后重新运行;,/PF.WorkStation.AutoOcr.UI;component/ModelImages/视觉龙门-成品.png,PF.WorkStation.AutoOcr/CostParam/AlarmCodesExtensions.cs
177,PROC_DET_MOT_004,50176,流程异常/运动,OCR检测-Z轴移动到安全位置失败,OCR: Z-Axis Move to Safe Pos Fail,2,1. 检查Z轴伺服是否报警;\n2. 手动点动Z轴确认运动正常;\n3. 复位后重新运行;,/PF.WorkStation.AutoOcr.UI;component/ModelImages/视觉龙门-成品.png,PF.WorkStation.AutoOcr/CostParam/AlarmCodesExtensions.cs
178,PROC_DET_DATA_002,50177,流程异常/数据,OCR检测-工位1配方为空，无法获取目标坐标,"OCR: WS1 Recipe Empty, No Coords",2,1. 确认工位1配方已正确下发;\n2. 检查配方参数是否完整;\n3. 重新下发配方后复位;,/PF.WorkStation.AutoOcr.UI;component/ModelImages/视觉龙门-成品.png,PF.WorkStation.AutoOcr/CostParam/AlarmCodesExtensions.cs
179,PROC_DET_MOT_005,50178,流程异常/运动,OCR检测-移动到工位1轴运动触发失败,OCR: WS1 Axis Trigger Fail,2,1. 检查XYZ轴伺服是否报警;\n2. 确认运动控制卡连接;\n3. 复位后重新运行;,/PF.WorkStation.AutoOcr.UI;component/ModelImages/视觉龙门-成品.png,PF.WorkStation.AutoOcr/CostParam/AlarmCodesExtensions.cs
180,PROC_DET_CAM_002,50179,流程异常/相机,OCR检测-切换到工位1的OCR配方失败,OCR: Switch to WS1 Recipe Fail,2,1. 检查相机通讯连接;\n2. 确认配方名称是否正确;\n3. 复位后重新运行;,/PF.WorkStation.AutoOcr.UI;component/ModelImages/视觉龙门-成品.png,PF.WorkStation.AutoOcr/CostParam/AlarmCodesExtensions.cs
181,PROC_DET_MOT_006,50180,流程异常/运动,OCR检测-移动到工位1 XYZ轴运动超时,OCR: WS1 XYZ Axis Motion Timeout,2,1. 检查各轴是否卡在中途;\n2. 手动点动确认运动正常;\n3. 检查运动参数;\n4. 复位后重新运行;,/PF.WorkStation.AutoOcr.UI;component/ModelImages/视觉龙门-成品.png,PF.WorkStation.AutoOcr/CostParam/AlarmCodesExtensions.cs
182,PROC_DET_DATA_003,50181,流程异常/数据,OCR检测-工位2配方为空，无法获取目标坐标,"OCR: WS2 Recipe Empty, No Coords",2,1. 确认工位2配方已正确下发;\n2. 检查配方参数是否完整;\n3. 重新下发配方后复位;,/PF.WorkStation.AutoOcr.UI;component/ModelImages/视觉龙门-成品.png,PF.WorkStation.AutoOcr/CostParam/AlarmCodesExtensions.cs
183,PROC_DET_MOT_007,50182,流程异常/运动,OCR检测-移动到工位2轴运动触发失败,OCR: WS2 Axis Trigger Fail,2,1. 检查XYZ轴伺服是否报警;\n2. 确认运动控制卡连接;\n3. 复位后重新运行;,/PF.WorkStation.AutoOcr.UI;component/ModelImages/视觉龙门-成品.png,PF.WorkStation.AutoOcr/CostParam/AlarmCodesExtensions.cs
184,PROC_DET_CAM_003,50183,流程异常/相机,OCR检测-切换到工位2的OCR配方失败,OCR: Switch to WS2 Recipe Fail,2,1. 检查相机通讯连接;\n2. 确认配方名称是否正确;\n3. 复位后重新运行;,/PF.WorkStation.AutoOcr.UI;component/ModelImages/视觉龙门-成品.png,PF.WorkStation.AutoOcr/CostParam/AlarmCodesExtensions.cs
185,PROC_DET_MOT_008,50184,流程异常/运动,OCR检测-移动到工位2 XYZ轴运动超时,OCR: WS2 XYZ Axis Motion Timeout,2,1. 检查各轴是否卡在中途;\n2. 手动点动确认运动正常;\n3. 检查运动参数;\n4. 复位后重新运行;,/PF.WorkStation.AutoOcr.UI;component/ModelImages/视觉龙门-成品.png,PF.WorkStation.AutoOcr/CostParam/AlarmCodesExtensions.cs
186,PROC_DET_CAM_004,50185,流程异常/相机,OCR检测-相机拍照触发失败或通讯异常,OCR: Cam Trigger Fail / Comm Error,2,1. 检查相机连接状态;\n2. 确认相机触发参数;\n3. 手动触发相机确认功能;\n4. 复位后重新运行;,/PF.WorkStation.AutoOcr.UI;component/ModelImages/视觉龙门-成品.png,PF.WorkStation.AutoOcr/CostParam/AlarmCodesExtensions.cs
187,PROC_DET_MOT_009,50186,流程异常/初始化,OCR检测-初始化Z轴回零失败,OCR: Z-Axis Homing Fail (Init),2,1. 检查Z轴伺服是否报警;\n2. 手动点动Z轴确认运动正常;\n3. 确认Z轴原点传感器信号;\n4. 复位后重新初始化;,/PF.WorkStation.AutoOcr.UI;component/ModelImages/视觉龙门-成品.png,PF.WorkStation.AutoOcr/CostParam/AlarmCodesExtensions.cs
188,PROC_DET_MOT_010,50187,流程异常/初始化,OCR检测-初始化X轴回零失败,OCR: X-Axis Homing Fail (Init),2,1. 检查X轴伺服是否报警;\n2. 手动点动X轴确认运动正常;\n3. 确认X轴原点传感器信号;\n4. 复位后重新初始化;,/PF.WorkStation.AutoOcr.UI;component/ModelImages/视觉龙门-成品.png,PF.WorkStation.AutoOcr/CostParam/AlarmCodesExtensions.cs
189,PROC_DET_MOT_011,50188,流程异常/初始化,OCR检测-初始化Y轴回零失败,OCR: Y-Axis Homing Fail (Init),2,1. 检查Y轴伺服是否报警;\n2. 手动点动Y轴确认运动正常;\n3. 确认Y轴原点传感器信号;\n4. 复位后重新初始化;,/PF.WorkStation.AutoOcr.UI;component/ModelImages/视觉龙门-成品.png,PF.WorkStation.AutoOcr/CostParam/AlarmCodesExtensions.cs
190,PROC_DET_INIT_001,50189,流程异常/初始化,OCR检测-初始化异常,OCR: Initialization Abnormal,2,1. 查看日志中具体异常信息;\n2. 根据异常详情排查对应硬件或配置;\n3. 复位后重新初始化;,/PF.WorkStation.AutoOcr.UI;component/ModelImages/视觉龙门-成品.png,PF.WorkStation.AutoOcr/CostParam/AlarmCodesExtensions.cs
191,PROC_DATA_MES_001,50190,流程异常/数据,数据模组-MES查询失败,Data: MES Query Failed,2,1. 检查MES服务器连接状态;\n2. 确认网络配置正确;\n3. 检查MES接口参数;\n4. 联系MES维护人员;,/PF.WorkStation.AutoOcr.UI;component/ModelImages/整机-成品.png,PF.WorkStation.AutoOcr/CostParam/AlarmCodesExtensions.cs
192,PROC_DATA_REC_001,50191,流程异常/数据,数据模组-配方更新失败,Data: Recipe Update Failed,2,1. 检查配方数据格式;\n2. 确认配方版本兼容性;\n3. 检查存储空间;\n4. 重新下发配方;,/PF.WorkStation.AutoOcr.UI;component/ModelImages/整机-成品.png,PF.WorkStation.AutoOcr/CostParam/AlarmCodesExtensions.cs
193,PROC_DATA_OCR_001,50192,流程异常/数据,数据模组-OCR校验失败,Data: OCR Verification Failed,2,1. 检查OCR识别结果;\n2. 确认校验规则配置;\n3. 调整OCR参数后重试;,/PF.WorkStation.AutoOcr.UI;component/ModelImages/整机-成品.png,PF.WorkStation.AutoOcr/CostParam/AlarmCodesExtensions.cs
194,PROC_DATA_DB_001,50193,流程异常/数据,数据模组-数据持久化失败,Data: Persistence Failed,2,1. 检查数据库连接;\n2. 确认磁盘空间充足;\n3. 检查文件读写权限;\n4. 重启数据服务;,/PF.WorkStation.AutoOcr.UI;component/ModelImages/整机-成品.png,PF.WorkStation.AutoOcr/CostParam/AlarmCodesExtensions.cs
195,PROC_DATA_BAT_001,50194,流程异常/数据,数据模组-批次数据不完整,Data: Batch Data Incomplete,2,1. 检查MES下发的批次数据;\n2. 确认所有必填字段已填充;\n3. 重新请求批次数据;,/PF.WorkStation.AutoOcr.UI;component/ModelImages/整机-成品.png,PF.WorkStation.AutoOcr/CostParam/AlarmCodesExtensions.cs
196,PROC_DATA_MES_002,50195,流程异常/数据,数据模组-MES批次信息更新失败,Data: MES Batch Update Failed,2,1. 检查工位标识是否合法;\n2. 确认MES数据格式正确;\n3. 重新尝试切换批次;,/PF.WorkStation.AutoOcr.UI;component/ModelImages/整机-成品.png,PF.WorkStation.AutoOcr/CostParam/AlarmCodesExtensions.cs
197,PROC_DATA_CODE_001,50196,流程异常/数据,数据模组-条码校验失败,Data: Barcode Verify Failed,2,1. 检查扫码枪读取结果;\n2. 确认条码格式与配方规则匹配;\n3. 核对MES下发的客户批次名单;,/PF.WorkStation.AutoOcr.UI;component/ModelImages/整机-成品.png,PF.WorkStation.AutoOcr/CostParam/AlarmCodesExtensions.cs
198,PROC_SECS_INIT_001,50197,流程异常/通讯,SECS/GEM模组-初始化失败,SECS/GEM: Init Failed,2,1. 检查通讯板卡连接;\n2. 确认IP地址配置;\n3. 检查端口占用情况;\n4. 重启通讯服务;,/PF.WorkStation.AutoOcr.UI;component/ModelImages/整机-成品.png,PF.WorkStation.AutoOcr/CostParam/AlarmCodesExtensions.cs
199,PROC_SECS_PROT_001,50198,流程异常/通讯,SECS/GEM模组-协议处理失败,SECS/GEM: Protocol Proc Failed,2,1. 检查消息格式;\n2. 确认协议版本兼容性;\n3. 查看通讯日志;\n4. 重新建立连接;,/PF.WorkStation.AutoOcr.UI;component/ModelImages/整机-成品.png,PF.WorkStation.AutoOcr/CostParam/AlarmCodesExtensions.cs
200,PROC_SECS_SEND_001,50199,流程异常/通讯,SECS/GEM模组-消息发送失败,SECS/GEM: Message Send Failed,2,1. 检查网络连接;\n2. 确认目标主机可达;\n3. 检查防火墙设置;\n4. 重试发送消息;,/PF.WorkStation.AutoOcr.UI;component/ModelImages/整机-成品.png,PF.WorkStation.AutoOcr/CostParam/AlarmCodesExtensions.cs
201,PROC_SECS_RECV_001,50200,流程异常/通讯,SECS/GEM模组-消息接收超时,SECS/GEM: Message Receive Timeout,2,1. 检查主机响应状态;\n2. 确认消息处理逻辑;\n3. 调整超时时间;\n4. 重新发送请求;,/PF.WorkStation.AutoOcr.UI;component/ModelImages/整机-成品.png,PF.WorkStation.AutoOcr/CostParam/AlarmCodesExtensions.cs
202,PROC_SECS_CONN_001,50201,流程异常/通讯,SECS/GEM模组-连接断开,SECS/GEM: Connection Lost,2,1. 检查物理连接;\n2. 确认主机状态;\n3. 自动重连或手动复位;,/PF.WorkStation.AutoOcr.UI;component/ModelImages/整机-成品.png,PF.WorkStation.AutoOcr/CostParam/AlarmCodesExtensions.cs